{
    "model":
    {
        "motor_distance": 0.046532,
        "motor_angle_offset": 0.0,
        "motor_angel_delta": 0.328220,
        "center_of_mass": [0.0, 0.0, 0.0],
        "mass": 0.0983,
        "inertia": 0.0003599,
        "signal2thrust":   [[-0.04016251167742002, 1.3078587931596721, -0.6501016606674075],
                            [0.026828422632851595, 1.050842947701885, -0.43371886420836747],
                            [0.06897398735413296, 0.9734173280950021, -0.4314325561246988],
                            [0.1131439882582147, 0.9019586934278533, -0.3806616655050825],
                            [-0.018477980448020626, 1.2944916719119886, -0.6295276270648476],
                            [0.12654605007354636, 0.9252123806815016, -0.3851267274962138]],
        "thrust2signal":   [[3.670891277300514, -7.429134286715521, 6.702733687265958],
                            [3.5811056803023287, -6.733585457837144, 5.632697369602757],
                            [3.420726977700959, -6.122320230844099, 5.269938003461095],
                            [3.253410608693488, -5.540061780108178, 4.609935267050166],
                            [3.3975162033911075, -6.228152068818256, 5.227163481857802],
                            [3.110909518731778, -5.105006415353796, 4.0882551539271965]]
    }
}