{
    "model": {
        "init_center_of_mass": [0.0, 0.0, 0.0],
        "learned_center_of_mass": [0.0075785135850310326, 0.00398608623072505, 1.5389856343972497e-05],
        "init_mass": 0.0986,
        "learned_mass": 0.09860000014305115,
        "init_inertia": 0.0003599,
        "learned_inertia": 0.0001928461715579033,
        "init_signal2thrust": [
            [-0.04016251167742002, 1.3078587931596721, -0.6501016606674075],
            [0.026828422632851595, 1.050842947701885, -0.43371886420836747],
            [0.06897398735413296, 0.9734173280950021, -0.4314325561246988],
            [0.1131439882582147, 0.9019586934278533, -0.3806616655050825],
            [-0.018477980448020626, 1.2944916719119886, -0.6295276270648476],
            [0.12654605007354636, 0.9252123806815016, -0.3851267274962138]
        ],
        "learned_signal2thrust": [
            [0.12418300658464432, 0.9523025155067444, -0.7750046849250793],
            [0.10197436809539795, 0.8461772799491882, -0.43667319416999817],
            [0.11112530529499054, 0.6219013333320618, -0.429751992225647],
            [0.06839967519044876, 0.7573402523994446, -0.4050796926021576],
            [0.04604314640164375, 0.9434598684310913, -0.776893675327301],
            [0.1340753138065338, 0.5842003226280212, -0.35548993945121765]
        ],
        "thrust2signal": [
            [3.670891277300514, -7.429134286715521, 6.702733687265958],
            [3.5811056803023287, -6.733585457837144, 5.632697369602757],
            [3.420726977700959, -6.122320230844099, 5.269938003461095],
            [3.253410608693488, -5.540061780108178, 4.609935267050166],
            [3.3975162033911075, -6.228152068818256, 5.227163481857802],
            [3.110909518731778, -5.105006415353796, 4.0882551539271965]
        ],
        "motor_distance": 0.046532,
        "motor_angle_offset": 0.0,
        "motor_angel_delta": 0.32822,
        "init_motors_vec": [
            [-0.0, 1.0, 0.0],
            [0.0, -1.0, 0.0],
            [-0.8660253882408142, -0.5, 0.0],
            [0.8660253882408142, 0.5, 0.0],
            [0.8660253882408142, -0.5, 0.0],
            [-0.8660253882408142, 0.5, 0.0]
        ],
        "learned_motors_vec": [
            [0.01834479533135891, 0.9859992265701294, 0.0026480667293071747],
            [-0.0821266621351242, -0.9928205609321594, -0.001992888515815139],
            [-0.8997679352760315, -0.4324609041213989, 0.0007609658059664071],
            [0.9060119390487671, 0.4232352375984192, -0.00037080611218698323],
            [0.9105267524719238, -0.41342827677726746, 0.0012920981971547008],
            [-0.9178342223167419, 0.420567125082016, -0.001960820285603404]
        ],
        "init_motors_pos": [
            [0.044048011302948, -0.014999988488852978, 0.0],
            [0.044048011302948, 0.014999988488852978, 0.0],
            [-0.009033635258674622, 0.04564669355750084, 0.0],
            [-0.035014376044273376, 0.030646702274680138, 0.0],
            [-0.035014376044273376, -0.030646702274680138, 0.0],
            [-0.009033635258674622, -0.04564669355750084, 0.0]
        ],
        "learned_motors_pos": [
            [0.044069841504096985, -0.014999949373304844, -0.00022446979710366577],
            [0.04397200047969818, 0.015015840530395508, 0.00015957176219671965],
            [-0.008986537344753742, 0.045553870499134064, -0.0002966913743875921],
            [-0.03505996614694595, 0.030744677409529686, 3.770003604586236e-05],
            [-0.03519362211227417, -0.031047310680150986, 2.6012425223598257e-05],
            [-0.00886629056185484, -0.045282334089279175, 0.00022998549684416503]
        ],
        "tau_up": 0.038,
        "tau_dw": 0.028
    }
}