,time,x,y,theta
0,1.6666894810167524e+18,-0.009432598948478699,0.0042057158425450325,0.018744192267464488
